name,country.etc,pop,lat,long,capital,review_rec,stars_rec,top_rec
Philadelphia,PA,1439814,40.01,-75.13,0,"There was no significant difference in the number of reviews. Chinese restaurants scored significantly lower than the other two categories. Philadelphia has relatively high spending power, and the overall number of reviews for restaurants is high.","Philadelphia has same preference for all three types of restaurants. Although the rating of Chinese restaurants is relatively low, there are several restaurants with a lot of reviews, which means that if investors can seriously manage Chinese restaurants, the investment potential is relatively greater.",Chinese
Indianapolis,IN,771725,39.78,-86.15,2,The number of reviews for the Chinese restaurant was significantly lower than the other two. Southeast Asian and Japanese restaurants have significantly higher stars than Chinese restaurants. ,"Indianapolis has a high preference for Southeast Asian and Japanese restaurants, which means that choosing to run a Chinese restaurant here is not a particularly favorable choice.",Southeast Asian OR Japanese
Tucson,AZ,525268,32.2,-110.89,0,"There are significant differences in the number of reviews between Chinese restaurants and the other two types of restaurants, and Chinese restaurants have significantly lower ratings than the others.","Tucson has a high preference for Japanese restaurants, which means it is a favorable choice to open a Japanese restaurant here. Because Japanese restaurants have more high reviews than Southeast Asian restaurants, and Southeast Asian restaurants have more low reviews than Japanese restaurants.",Japanese
Nashville,TN,523547,36.17,-86.78,2,There is a significant difference in the number of reviews between Chinese and Southeast Asian restaurants. Chinese restaurants scored significantly lower than the other two categories.,"Nashville prefers Southeast Asian restaurants followed by Japanese and Chinese restaurants, which means that choosing to open a Chinese restaurant here is not a particularly favorable choice. If you want to open a Southeast Asian restaurant, you need to pay attention to the quality.",Southeast Asian
New Orleans,LA,454207,30.07,-89.93,0,There is a significant difference in the number of reviews for Chinese and Japanese restaurants. Chinese restaurants scored significantly lower than the other two categories. ,"New Orleans has a high preference for Southeast Asian and Japanese restaurants, which means that it is a favorable choice to open a Southeast or Japanese restaurant here. The top recommendation is the Japanese restaurant, but pay attention to the rating and quality!",Japanese
Tampa,FL,384959,27.9475,-82.458611,0,"There are significant differences in the number of reviews between Chinese restaurants and the other two types of restaurants, and Southeast Asian restaurants have significantly higher ratings than Japanese and Chinese restaurants.","Tampa has a higher preference for Southeast Asian restaurants and Japanese restaurants, Japanese restaurants have more high reviews but generally lower ratings than Southeast Asian restaurants. It means that Southeast Asian and Japanese restaurants are both good investments, but Japanese restaurants have higher potential.",Japanese
St. Louis,MO,315546,38.64,-90.24,0,The number of reviews for the Chinese restaurant was significantly lower than the other two. Chinese restaurants star significantly lower than the other two categories. ,"St. Louis has a high preference for Southeast Asian and Japanese restaurants, which means that choosing to run a Chinese restaurant here is not a particularly favorable choice.",Southeast Asian OR Japanese
St. Petersburg,FL,245804,27.76,-82.64,0,"The number of ratings for Chinese restaurants was significantly different from the other restaurants, and Chinese restaurants had significantly lower ratings than the other two categories","St. Petersburg has a high preference for Southeast Asian and Japanese restaurants, which means it is a favorable choice to open a Southeast or Japanese restaurant here. Although the rating variance of Japanese restaurants is huge, the number of reviews is relatively high, which reflects the popularity of Japanese food in the local area. Therefore, Japanese restaurants are relatively recommended, and merchants can try to improve their own ratings.",Japanese
Reno,NV,206626,39.54,-119.82,0,There is a significant difference in the number of reviews for Japanese and Chinese restaurants. Chinese restaurants scored significantly lower than the other two categories.,"Reno has a high preference for Japanese restaurants, which means that it is a favorable choice to open a Japanese restaurant here. You need to be cautious when opening Chinese food in Reno, and the taste may not be in line with the local area.",Japanese
Boise,ID,193628,43.61,-116.23,2,Average reviews of Chinese restaurants are significantly lower than those of Southeast Asian restaurants. Chinese restaurants had significantly lower stars than the other two categories. The ratings and popularity of Japanese restaurants and Southeast Asian restaurants are not much different.,"Boise has a higher preference for Southeast Asian restaurants followed by Japan and China. Investors who wants to invest in Chinese food need to be cautious, because the consumer market for Chinese food in Boise is not large, and the ratings are low. The taste of Chinese food may not suit the local taste of Boise. For owners who want to invest in Japanese or Southeast Asian restaurants, although both are more welcome, the original restaurants have high ratings. Therefore, owners who want to open new Japanese restaurants or Southeast Asian restaurants in Boise need to pay attention to the management of restaurants such as taste, price, and operating details to improve the score.",Southeast Asian
Metairie,LA,141606,30,-90.18,0,The number of reviews for Chinese restaurants is significantly lower than those for Southeast Asian restaurants. Southeast Asian and Japanese restaurants have significantly higher stars than Chinese restaurants. ,"Metairie has a higher preference towards Southeast Asian restaurants followed by Japanese and Chinese restaurants, which means that choosing to run a Chinese restaurant here is not a particularly favorable choice. However, operating a Southeast Asian restaurant requires special attention to the quality of the dishes, because the original restaurants in the city have relatively high ratings.",Southeast Asian
Clearwater,FL,107866,27.98,-82.77,0,There was no significant difference in the number of reviews among the three groups. Southeast Asian restaurants scored significantly higher than the other two categories. ,"Clearwater is mostly inclined towards Southeast Asian restaurants, followed by a similar preference for Japanese and Chinese food. Perhaps Southeast Asian cuisine is more in line with the tastes of the locals.",Southeast Asian
Riverview,FL,95849,27.85214391,-82.26789407,0,There are significant differences in the number of reviews between Southeast Asian restaurants and Chinese restaurants. Chinese restaurants scored significantly lower than the other two categories,"Riverview has a high preference for Southeast Asian restaurants, which means it is a favorable choice to open a Southeast Asian restaurant here. However, the variance in the number of reviews and ratings of Japanese restaurants is very large, which means that if you pay attention to the quality and ratings of Japanese restaurants in Riverview, you can also get relatively high customer flow.",Southeast Asian
Brandon,FL,92728,27.93,-82.29,0,"There was no significant difference in the number of reviews among the three category restaurants. However, the number of high reviews of Southeast Asian restaurants is more, but the variance of the number of reviews of different restaurants is large, and the popularity of Southeast Asian restaurants in Brandon is quite different. Chinese restaurants had significantly lower stars than the other two categories, and the number of lower stars was also higher.","Brandon is more favorable for those looking to invest in Southeast Asian restaurants. However, since there is no significant difference in the number of reviews for the three types of restaurants, the rating of Chinese restaurants is relatively low. It means that if investors could seriously manage Chinese restaurants, the investment potential is relatively greater. Owners who want to open Southeast Asian restaurants need to pay attention. Although they are very popular in Brandon, they need to pay attention to the details of the operation to improve their ratings, so as not to be compared with the existing high-rated Southeast Asian restaurants.",Southeast Asian
Sparks,NV,88518,39.54,-119.74,0,There was no significant difference in the number of reviews among the three category restaurants and Chinese restaurants had significantly lower ratings than other two restaurants.,"The sheer number of high reviews for Japanese restaurants means that Sparks has a high preference for Japanese restaurants. Thus, it is a favorable choice to open a Japanese restaurant here.",Japanese
Santa Barbara,CA,86115,34.43,-119.72,0,Japanese and Chinese restaurants had significantly different numbers of reviews and Chinese restaurants had significantly lower ratings than Japanese restaurants.,"Santa Barbara has a high preference for Japanese restaurants, which means it is a favorable choice to open a Japanese restaurant here. The ratings of Japanese restaurants are relatively high, and merchants need to pay attention to the quality of opening stores.",Japanese
Wilmington,DE,71065,39.74,-75.53,0,There are significant differences in the number of reviews between Chinese restaurants and other two restaurants. Chinese restaurants scored significantly lower than the other two categories.,"Southeast Asian restaurants have more high ratings and high number of reviews, so Wilmington has a high preference for Southeast Asian restaurants, which means it is a favorable choice to open a Southeast Asian restaurant here.",Southeast Asian
Cherry Hill,NJ,71009,39.88018822,-75.00524803,0,"There was no significant difference in the number of reviews among the three restaurants，Japanese restaurants have slightly more high-rated restaurants than Southeast Asian restaurants. Chinese restaurants have significantly lower ratings than the other two categories, while Southeast Asian restaurants have more low-rated restaurants.","Cherry Hill has a higher preference for Japan restaurants, followed by Southeast Asian and China, but also need to pay attention to the quality of operation of Southeast Asian restaurants.",Japanese
Pinellas Park,FL,46469,27.86,-82.71,0,There was no significant difference in the number of reviews. Chinese restaurants scored significantly lower than the other two categories. Southeast Asian restaurants have larger variances in the number of reviews and ratings.,"Pinellas Park has same preference for all three types of restaurants. The rating of Chinese restaurants is relatively low, which means that if investors could seriously manage Chinese restaurants, the investment potential is relatively greater.",Chinese
Goleta,CA,32855,34.428242,-119.876408,0,"There was no significant difference in the number of reviews among the three groups. There was also no significant difference in the scores among the three categories. However, Japanese restaurants have a large variance in ratings.","Goleta has a similar preference for all three types of Asian food. If you want to open Japanese food in Goleta, you need to pay attention to quality.",Japanese